season,name,retailer,category,shade,price,salePrice,url,confidence,img,dateAdded
lightSpring,Lipsy Pistachio Green Linen-Blend Shirt,next,top,pistachio,253 RON,,https://www.next.ro/en/style/su878498/y72754,high,https://xcdn.next.co.uk/common/items/default/default/itemimages/3_4Ratio/product/lge/Y72754s.jpg,2025-01-15
lightSpring,Love & Roses Apricot Lace Blouse,next,top,apricot,298 RON,199 RON,https://www.next.ro/en/style/su900137/v24764,high,https://xcdn.next.co.uk/common/items/default/default/itemimages/3_4Ratio/product/lge/V24764s.jpg,2024-12-11
lightSpring,Love & Roses Peach Pink Pointelle Cardigan,next,knit,peach,253 RON,,https://www.next.ro/en/style/sv028711/v76604,high,https://xcdn.next.co.uk/common/items/default/default/itemimages/3_4Ratio/product/lge/V76604s.jpg,2024-12-12
lightSpring,Love & Roses Blue Satin Jacquard Tea Top,next,top,skyblue,283 RON,,https://www.next.ro/en/style/sv000342/g83781,high,https://xcdn.next.co.uk/common/items/default/default/itemimages/3_4Ratio/product/lge/G83781s.jpg,2024-12-13
lightSpring,Love & Roses Coral Shell Cutwork Mini Kaftan,next,dress,coral,343 RON,,https://www.next.ro/ro/style/su845985/h97805,high,https://xcdn.next.co.uk/common/items/default/default/itemimages/3_4Ratio/product/lge/H97805s.jpg,2024-12-13
lightSpring,Love & Roses Yellow Floral Embroidered Knitted Top,next,knit,golden,290 RON,,https://www.next.ro/en/style/sv068672/y53931,medium,https://xcdn.next.co.uk/common/items/default/default/itemimages/3_4Ratio/product/lge/Y53931s.jpg,2024-12-14
coolSummer,Lipsy Floral Embroidered Short Sleeve Shirt,next,top,powderblue,313 RON,,https://www.next.ro/ro/style/sv148115/y88147,high,https://xcdn.next.co.uk/common/items/default/default/itemimages/3_4Ratio/product/lge/Y88147s.jpg,2024-12-14
brightSpring,Love & Roses Floral Embroidered Notch Neck Blouse,next,top,brighttomato,313 RON,,https://www.next.ro/ro/style/sv029298/g97246,medium,https://xcdn.next.co.uk/common/items/default/default/itemimages/3_4Ratio/product/lge/G97246s.jpg,2024-12-15
coolWinter,Love & Roses Broderie Shell Top,next,top,truered,283 RON,,https://www.next.ro/ro/style/sv000353/v49906,high,https://xcdn.next.co.uk/common/items/default/default/itemimages/3_4Ratio/product/lge/V49906s.jpg,2024-12-15
softSummer,Love & Roses Roll Sleeve Button Through Embroidered Shirt,next,top,duskyblue,290 RON,,https://www.next.ro/ro/style/su998885/g82823,high,https://xcdn.next.co.uk/common/items/default/default/itemimages/3_4Ratio/product/lge/G82823s.jpg,2024-12-16
brightWinter,Love & Roses Bib Detail Shell Top,next,top,icywhite,283 RON,,https://www.next.ro/ro/style/su964603/g63881,medium,https://xcdn.next.co.uk/common/items/default/default/itemimages/3_4Ratio/product/lge/G63881s.jpg,2024-12-16
deepAutumn,River Island Cutwork Tie Neck Blouse,next,top,paprika,313 RON,,https://www.next.ro/ro/style/sv192017/d89699,medium,https://xcdn.next.co.uk/common/items/default/default/itemimages/3_4Ratio/product/lge/D89699s.jpg,2024-12-17
lightSummer,Love & Roses Crew Neck Crochet Insert Embroidered Blouse,next,top,chiffonyellow,290 RON,,https://www.next.ro/ro/style/sv077905/v79520,high,https://xcdn.next.co.uk/common/items/default/default/itemimages/3_4Ratio/product/lge/V79520s.jpg,2024-12-17
lightSummer,Love & Roses Lace Trim Flutter Sleeve Blouse,next,top,powderblue,290 RON,,https://www.next.ro/ro/style/su999003/g82814,medium,https://xcdn.next.co.uk/common/items/default/default/itemimages/3_4Ratio/product/lge/G82814s.jpg,2024-12-18
deepAutumn,Lipsy Textured Jersey Midi Dress,next,dress,rust,372 RON,,https://www.next.ro/ro/style/su897655/w10862,medium,https://xcdn.next.co.uk/common/items/default/default/itemimages/3_4Ratio/product/lge/W10862s.jpg,2024-12-18
warmSpring,Lipsy Broderie Flutter Sleeve Midi Dress (Orange),next,dress,mango,439 RON,,https://www.next.ro/ro/style/su858407/g10322,medium,https://xcdn.next.co.uk/common/items/default/default/itemimages/3_4Ratio/product/lge/G10322s.jpg,2024-12-19
warmSpring,Lipsy Broderie Flutter Sleeve Midi Dress (Turquoise),next,dress,turquoise,439 RON,,https://www.next.ro/ro/style/su858407/y10978,high,https://xcdn.next.co.uk/common/items/default/default/itemimages/3_4Ratio/product/lge/Y10978s.jpg,2024-12-19
warmSpring,Love & Roses Lace Drop Waist Sleeveless Midi Dress,next,dress,mango,663 RON,,https://www.next.ro/ro/style/su898190/v41947,medium,https://xcdn.next.co.uk/common/items/default/default/itemimages/3_4Ratio/product/lge/V41947s.jpg,2024-12-20
lightSpring,Sosandar Popper Front Denim Dress,next,dress,coral,588 RON,,https://www.next.ro/ro/style/su311352/l41771,medium,https://xcdn.next.co.uk/common/items/default/default/itemimages/3_4Ratio/product/lge/L41771s.jpg,2024-12-20
lightSpring,Friends Like These Draped Off The Shoulder Top (Yellow),next,top,golden,238 RON,166 RON,https://www.next.ro/ro/style/su721640/v10799,high,https://xcdn.next.co.uk/common/items/default/default/itemimages/3_4Ratio/product/lge/V10799s.jpg,2024-12-20
lightSpring,Friends Like These Draped Off The Shoulder Top (Pistachio Green),next,top,pistachio,238 RON,166 RON,https://www.next.ro/ro/style/su721640/v10809,high,https://xcdn.next.co.uk/common/items/default/default/itemimages/3_4Ratio/product/lge/V10809s.jpg,2024-12-21
lightSpring,Friends Like These Short Sleeve Ruffle Mini Dress,next,dress,coral,335 RON,234 RON,https://www.next.ro/ro/style/su883300/y17055,medium,https://xcdn.next.co.uk/common/items/default/default/itemimages/3_4Ratio/product/lge/Y17055s.jpg,2024-12-21
lightSpring,Lipsy 3/4 Sleeve Embroidered Grandad Blouse,next,top,mint,313 RON,219 RON,https://www.next.ro/ro/style/su901245/y35898,high,https://xcdn.next.co.uk/common/items/default/default/itemimages/3_4Ratio/product/lge/Y35898s.jpg,2024-12-22
brightSpring,Love & Roses Embellished V-Neck Jersey T-Shirt (Mint),next,top,vividgreen,194 RON,,https://www.next.ro/ro/style/sv144388/y35543,medium,https://xcdn.next.co.uk/common/items/default/default/itemimages/3_4Ratio/product/lge/Y35543s.jpg,2024-12-22
brightSpring,Love & Roses Tie Shoulder Lace Broderie Midi Dress,next,dress,brightturquoise,737 RON,515 RON,https://www.next.ro/ro/style/su894622/y26953,high,https://xcdn.next.co.uk/common/items/default/default/itemimages/3_4Ratio/product/lge/Y26953s.jpg,2024-12-22
lightSpring,Love & Roses Sequin V-Neck Printed Vest,next,top,mint,216 RON,151 RON,https://www.next.ro/ro/style/su924156/y97048,high,https://xcdn.next.co.uk/common/items/default/default/itemimages/3_4Ratio/product/lge/Y97048s.jpg,2024-12-23
lightSpring,Love & Roses Embellished V-Neck Jersey T-Shirt (Yellow),next,top,golden,179 RON,125 RON,https://www.next.ro/ro/style/su918259/w19381,medium,https://xcdn.next.co.uk/common/items/default/default/itemimages/3_4Ratio/product/lge/W19381s.jpg,2024-12-23
coolSummer,Love & Roses Lace Trim Top,next,top,blushpink,238 RON,,https://www.next.ro/ro/style/su998882/g82820,high,https://xcdn.next.co.uk/common/items/default/default/itemimages/3_4Ratio/product/lge/G82820s.jpg,2024-12-24
brightSpring,Lipsy Lace Detail Frill Crochet Knitted Vest,next,knit,hotpink,268 RON,187 RON,https://www.next.ro/ro/style/su961742/g76631,medium,https://xcdn.next.co.uk/common/items/default/default/itemimages/3_4Ratio/product/lge/G76631s.jpg,2024-12-24
deepAutumn,Love & Roses Lace Trim Top,next,top,rust,290 RON,,https://www.next.ro/en/style/su998079/v48970,high,https://xcdn.next.co.uk/common/items/default/default/itemimages/3_4Ratio/product/lge/V48970s.jpg,2024-12-24
softAutumn,Love & Roses Embellished V-Neck Jersey T-Shirt,next,top,camel,179 RON,,https://www.next.ro/en/style/su898154/w11524,high,https://xcdn.next.co.uk/common/items/default/default/itemimages/3_4Ratio/product/lge/W11524s.jpg,2024-12-25
coolSummer,Love & Roses Sequin V-Neck Printed Vest,next,top,dustyblue,216 RON,,https://www.next.ro/en/style/su957954/w11776,high,https://xcdn.next.co.uk/common/items/default/default/itemimages/3_4Ratio/product/lge/W11776s.jpg,2024-12-25
lightSpring,Friends Like These Draped Off The Shoulder Top,next,top,coral,238 RON,,https://www.next.ro/en/style/su759831/w59414,high,https://xcdn.next.co.uk/common/items/default/default/itemimages/3_4Ratio/product/lge/W59414s.jpg,2024-12-25
deepAutumn,Lipsy 3/4 Sleeve Embroidered Grandad Blouse,next,top,deepchocolate,313 RON,,https://www.next.ro/en/style/su972541/w14012,high,https://xcdn.next.co.uk/common/items/default/default/itemimages/3_4Ratio/product/lge/W14012s.jpg,2024-12-26
brightWinter,Love & Roses Tie Shoulder Lace Broderie Midi Dress,next,dress,icywhite,737 RON,,https://www.next.ro/en/style/su699200/w24476,high,https://xcdn.next.co.uk/common/items/default/default/itemimages/3_4Ratio/product/lge/W24476s.jpg,2024-12-26
lightSummer,Love & Roses Crew Neck Crochet Insert Embroidered Blouse,next,top,lavender,290 RON,,https://www.next.ro/en/style/su897626/v15775,high,https://xcdn.next.co.uk/common/items/default/default/itemimages/3_4Ratio/product/lge/V15775s.jpg,2024-12-26
softAutumn,Love & Roses Roll Sleeve Button Through Embroidered Shirt,next,top,olivegreen,290 RON,,https://www.next.ro/en/style/su883001/g04760,high,https://xcdn.next.co.uk/common/items/default/default/itemimages/3_4Ratio/product/lge/G04760s.jpg,2024-12-27
lightSpring,Love & Roses Lace Trim Flutter Sleeve Blouse,next,top,skyblue,290 RON,,https://www.next.ro/en/style/su998069/g82837,high,https://xcdn.next.co.uk/common/items/default/default/itemimages/3_4Ratio/product/lge/G82837s.jpg,2024-12-27
softAutumn,Love & Roses Lace Trim Top,next,top,dustyrose,238 RON,,https://www.next.ro/en/style/su998079/v63725,high,https://xcdn.next.co.uk/common/items/default/default/itemimages/3_4Ratio/product/lge/V63725s.jpg,2024-12-27
warmAutumn,Love & Roses Embroidered Shell Top,next,top,burntorange,283 RON,,https://www.next.ro/en/style/sv141088/334423,high,https://xcdn.next.co.uk/common/items/default/default/itemimages/3_4Ratio/product/lge/334423s.jpg,2024-12-28
warmAutumn,Love & Roses Lace Cutwork Mini Kaftan,next,dress,burntorange,343 RON,,https://www.next.ro/en/style/su845992/y62147,high,https://xcdn.next.co.uk/common/items/default/default/itemimages/3_4Ratio/product/lge/Y62147s.jpg,2024-12-28
warmSpring,Love & Roses Embellished V-Neck Jersey T-Shirt,next,top,mango,179 RON,,https://www.next.ro/en/style/su918771/g81670,high,https://xcdn.next.co.uk/common/items/default/default/itemimages/3_4Ratio/product/lge/G81670s.jpg,2024-12-28
brightSpring,Love & Roses Lace Drop Waist Sleeveless Midi Dress,next,dress,clearorange,663 RON,,https://www.next.ro/en/style/su898190/v41947,high,https://xcdn.next.co.uk/common/items/default/default/itemimages/3_4Ratio/product/lge/V41947s.jpg,2024-12-29
warmAutumn,Love & Roses Bib Detail Shell Top,next,top,rust,283 RON,,https://www.next.ro/en/style/su903238/g18673,high,https://xcdn.next.co.uk/common/items/default/default/itemimages/3_4Ratio/product/lge/G18673s.jpg,2024-12-29
warmAutumn,Love & Roses Lace Insert Flutter Sleeve Top,next,top,rust,238 RON,,https://www.next.ro/en/style/su981808/g73321,high,https://xcdn.next.co.uk/common/items/default/default/itemimages/3_4Ratio/product/lge/G73321s.jpg,2024-12-29
softAutumn,Love & Roses Smock Top,next,top,marsala,194 RON,,https://www.next.ro/en/style/su981791/g73313,high,https://xcdn.next.co.uk/common/items/default/default/itemimages/3_4Ratio/product/lge/G73313s.jpg,2024-12-30
brightWinter,Love & Roses Bib Detail Shell Top,next,top,emeraldgreen,283 RON,,https://www.next.ro/en/style/su903238/g12349,high,https://xcdn.next.co.uk/common/items/default/default/itemimages/3_4Ratio/product/lge/G12349s.jpg,2024-12-30
warmAutumn,Friends Like These Draped Off The Shoulder Top,next,top,rust,238 RON,,https://www.next.ro/en/style/su721640/v18699,high,https://xcdn.next.co.uk/common/items/default/default/itemimages/3_4Ratio/product/lge/V18699s.jpg,2024-12-30
deepAutumn,Love & Roses Embellished Sequin Vest,next,top,bronze,216 RON,,https://www.next.ro/en/style/sv018841/v59723,high,https://xcdn.next.co.uk/common/items/default/default/itemimages/3_4Ratio/product/lge/V59723s.jpg,2024-12-30
lightSpring,Love & Roses Lace Blouse,next,top,periwinkle,290 RON,,https://www.next.ro/en/style/su900124/g11497,high,https://xcdn.next.co.uk/common/items/default/default/itemimages/3_4Ratio/product/lge/G11497s.jpg,2024-12-31
deepWinter,Love & Roses Floral Embroidered Blouse,next,top,sapphireblue,313 RON,,https://www.next.ro/en/style/su885068/v18957,high,https://xcdn.next.co.uk/common/items/default/default/itemimages/3_4Ratio/product/lge/V18957s.jpg,2024-12-31
warmSpring,Love & Roses Embellished Beaded Tank,next,top,turquoise,238 RON,,https://www.next.ro/en/style/su968103/g66043,high,https://xcdn.next.co.uk/common/items/default/default/itemimages/3_4Ratio/product/lge/G66043s.jpg,2024-12-31
brightSpring,Love & Roses Lace Detail Blouse,next,top,brightturquoise,313 RON,,https://www.next.ro/en/style/su983643/g39425,high,https://xcdn.next.co.uk/common/items/default/default/itemimages/3_4Ratio/product/lge/G39425s.jpg,2025-01-01
softSummer,Love & Roses Lace Trim Button Through Top,next,top,dustyrose,253 RON,,https://www.next.ro/en/style/su946053/g10994,high,https://xcdn.next.co.uk/common/items/default/default/itemimages/3_4Ratio/product/lge/G10994s.jpg,2025-01-01
deepWinter,Love & Roses Lace Trim Button Through Top,next,top,sapphireblue,253 RON,,https://www.next.ro/en/style/su946053/w06017,high,https://xcdn.next.co.uk/common/items/default/default/itemimages/3_4Ratio/product/lge/W06017s.jpg,2025-01-01
lightSpring,Friends Like These Draped Off The Shoulder Top (Cream/Ivory),next,top,ivory,238 RON,,https://www.next.ro/ro/style/su998079/w05896,high,https://xcdn.next.co.uk/common/items/default/default/itemimages/3_4Ratio/product/lge/W05896s.jpg,2025-01-02
brightWinter,Friends Like These Draped Off The Shoulder Top (Black),next,top,trueblack,238 RON,,https://www.next.ro/ro/style/su721640/f03355,high,https://xcdn.next.co.uk/common/items/default/default/itemimages/3_4Ratio/product/lge/F03355s.jpg,2025-01-02
coolSummer,Friends Like These Draped Off The Shoulder Top (Light Blue),next,top,powderblue,238 RON,,https://www.next.ro/ro/style/su721640/v10797,high,https://xcdn.next.co.uk/common/items/default/default/itemimages/3_4Ratio/product/lge/V10797s.jpg,2025-01-02
deepAutumn,Friends Like These Draped Off The Shoulder Top (Chocolate Brown),next,top,chocolate,238 RON,,https://www.next.ro/ro/style/su721640/h70700,high,https://xcdn.next.co.uk/common/items/default/default/itemimages/3_4Ratio/product/lge/H70700s.jpg,2025-01-02
deepAutumn,Friends Like These Draped Off The Shoulder Top (Burgundy),next,top,burgundy,238 RON,,https://www.next.ro/ro/style/su721640/w95506,high,https://xcdn.next.co.uk/common/items/default/default/itemimages/3_4Ratio/product/lge/W95506s.jpg,2025-01-03
lightSpring,"Love & Roses Floral Print Bardot Top (Light Pink, Light Blue)",next,top,blush,253 RON,219 RON,https://www.next.ro/ro/style/su955348/g58545,medium,https://xcdn.next.co.uk/common/items/default/default/itemimages/3_4Ratio/product/lge/G58545s.jpg,2025-01-03
lightSpring,"Love & Roses Floral Print Short Sleeve Blouse (Light Pink, Light Yellow)",next,top,butter,290 RON,203 RON,https://www.next.ro/ro/style/su891350/y29360,medium,https://xcdn.next.co.uk/common/items/default/default/itemimages/3_4Ratio/product/lge/Y29360s.jpg,2025-01-03
brightWinter,Lipsy 3/4 Sleeve Embroidered Grandad Blouse (White),next,top,icywhite,313 RON,,https://www.next.ro/ro/style/su901245/g12289,high,https://xcdn.next.co.uk/common/items/default/default/itemimages/3_4Ratio/product/lge/G12289s.jpg,2025-01-04
warmSpring,Lipsy 3/4 Sleeve Embroidered Grandad Blouse (Orange),next,top,mango,313 RON,,https://www.next.ro/ro/style/su901245/y36116,high,https://xcdn.next.co.uk/common/items/default/default/itemimages/3_4Ratio/product/lge/Y36116s.jpg,2025-01-04
brightWinter,Lipsy 3/4 Sleeve Embroidered Grandad Blouse (Pink),next,top,hotpink,313 RON,,https://www.next.ro/ro/style/su901245/337050,high,https://xcdn.next.co.uk/common/items/default/default/itemimages/3_4Ratio/product/lge/337050s.jpg,2025-01-04
brightSpring,Lipsy 3/4 Sleeve Embroidered Grandad Blouse (Red),next,top,brighttomato,313 RON,219 RON,https://www.next.ro/ro/style/su901245/v25556,high,https://xcdn.next.co.uk/common/items/default/default/itemimages/3_4Ratio/product/lge/V25556s.jpg,2025-01-04
warmSpring,Sosandar Chiffon Draped Shell Top (Coral),next,top,coral,358 RON,338 RON,https://www.next.ro/ro/style/su870619/y23130,high,https://xcdn.next.co.uk/common/items/default/default/itemimages/3_4Ratio/product/lge/Y23130s.jpg,2025-01-05
lightSummer,Sosandar Chiffon Draped Shell Top (Light Blue),next,top,powderblue,358 RON,,https://www.next.ro/ro/style/su870619/v12030,high,https://xcdn.next.co.uk/common/items/default/default/itemimages/3_4Ratio/product/lge/V12030s.jpg,2025-01-05
lightSpring,Love & Roses Cotton Cutwork Crew Neck Shell Top (Mint Green),next,top,mint,283 RON,219 RON,https://www.next.ro/ro/style/su949238/g11152,high,https://xcdn.next.co.uk/common/items/default/default/itemimages/3_4Ratio/product/lge/G11152s.jpg,2025-01-05
lightSpring,Love & Roses Tie Shoulder Lace Trim Blouse (Mint Green),next,top,mint,290 RON,,https://www.next.ro/ro/style/su898080/v24429,high,https://xcdn.next.co.uk/common/items/default/default/itemimages/3_4Ratio/product/lge/V24429s.jpg,2025-01-06
deepWinter,Love & Roses Sequin V-Neck Printed Vest (Raspberry Pink),next,top,raspberry,216 RON,,https://www.next.ro/ro/style/sv000342/v49184,high,https://xcdn.next.co.uk/common/items/default/default/itemimages/3_4Ratio/product/lge/V49184s.jpg,2025-01-06
deepAutumn,Lipsy Notch Neck Sleeveless Top (Chocolate Brown),next,top,chocolate,238 RON,,https://www.next.ro/ro/style/sv088538/h65065,high,https://xcdn.next.co.uk/common/items/default/default/itemimages/3_4Ratio/product/lge/H65065s.jpg,2025-01-06
lightSummer,COS Midi Dress with Dropped Waist,hm,dress,chiffon,500 RON,,https://www2.hm.com/ro_ro/productpage.1340709002.html,medium,https://media.cos.com/assets/001/ca/94/ca94c197a01666c744f53c021ec330ad638f1043.jpg,2025-01-06
softAutumn,H&M Off-Shoulder Draped Dress,hm,dress,olivegreen,94.99 RON,,https://www2.hm.com/ro_ro/productpage.1341112001.html,high,https://image.hm.com/assets/hm/20/e4/20e4ce7506010615eb2f18566ee5275df35f19d9.jpg,2025-01-07
brightWinter,H&M Strappy Dress with Ruffles,hm,dress,hotpink,139.99 RON,,https://www2.hm.com/ro_ro/productpage.1345318005.html,high,https://image.hm.com/assets/hm/13/56/1356ac601b672a4b16cc70e0afc188a7fa7887d1.jpg,2025-01-07
lightSummer,H&M Strappy Broderie Anglaise Dress,hm,dress,softpink,249.99 RON,,https://www2.hm.com/ro_ro/productpage.1340487003.html,high,https://image.hm.com/assets/hm/22/47/22477e99388d3537975911b59649dc07262d125d.jpg,2025-01-07
lightSpring,H&M Tie-Detail Flared Dress,hm,dress,blush,139.99 RON,,https://www2.hm.com/ro_ro/productpage.1338303003.html,high,https://image.hm.com/assets/hm/bc/89/bc8975500602dd48ea01a5e0734a2b3a94858085.jpg,2025-01-07
lightSummer,COS Gathered Jersey Midi Dress,hm,dress,balletpink,500 RON,,https://www2.hm.com/ro_ro/productpage.1340708002.html,high,https://media.cos.com/assets/001/c1/98/c198c61bb2d4d955bfd2bab81b7aad442b851fa0.jpg,2025-01-08
deepAutumn,Love & Roses Burgundy Red Scallop Boat Neck 3/4 Sleeve Jersey Top,next,top,burgundy,142 RON,,https://www.next.ro/en/style/su788699/g98979,high,https://xcdn.next.co.uk/common/items/default/default/itemimages/3_4Ratio/product/lge/G98979s.jpg,2025-01-08
brightWinter,Lipsy White Crochet Trim Detail Vest,next,top,purewhite,186 RON,,https://www.next.ro/en/style/sv201406/393069,high,https://xcdn.next.co.uk/common/items/default/default/itemimages/3_4Ratio/product/lge/393069s.jpg,2025-01-08
lightSpring,Love & Roses Mint Green Floral Print Lace Trim Top,next,top,mint,238 RON,,https://www.next.ro/en/style/su998882/g82806,high,https://xcdn.next.co.uk/common/items/default/default/itemimages/3_4Ratio/product/lge/G82806s.jpg,2025-01-08
lightSummer,Lipsy Blue 3D Textured Sleeveless Shirt,next,top,powderblue,298 RON,,https://www.next.ro/en/style/su955344/y88129,high,https://xcdn.next.co.uk/common/items/default/default/itemimages/3_4Ratio/product/lge/Y88129s.jpg,2025-01-09
lightSummer,Friends Like These Pink Draped Off The Shoulder Top,next,top,balletpink,238 RON,,https://www.next.ro/en/style/su721640/y77458,high,https://xcdn.next.co.uk/common/items/default/default/itemimages/3_4Ratio/product/lge/Y77458s.jpg,2025-01-09
coolSummer,Love & Roses Teal Blue Balloon Sleeve V-Neck Brazilia Print Midi Dress,next,dress,softteal,492 RON,,https://www.next.ro/en/style/sv116321/y70541,high,https://xcdn.next.co.uk/common/items/default/default/itemimages/3_4Ratio/product/lge/Y70541s.jpg,2025-01-09
brightWinter,Friends Like These Blue V-Neck Plunge Sleeveless Maxi Dress,next,dress,cobaltblue,313 RON,,https://www.next.ro/en/style/sv122828/y72283,high,https://xcdn.next.co.uk/common/items/default/default/itemimages/3_4Ratio/product/lge/Y72283s.jpg,2025-01-10
brightSpring,Love & Roses Butter Yellow V-Neck Satin Front Jersey T-Shirt,next,top,clearyellow,179 RON,,https://www.next.ro/en/style/su929300/h06142,high,https://xcdn.next.co.uk/common/items/default/default/itemimages/3_4Ratio/product/lge/H06142s.jpg,2025-01-10
lightSpring,Mohito Strappy Midi Dress,mohito,dress,coral,259 RON,199 RON,https://www.mohito.com/ro/ro/rochie-midi-cu-bretele-434jo-32x,high,https://static.mohito.com/media/catalog/product/4/3/434JO-32X-002-1-1222869.jpg,2025-01-10
lightSpring,Mohito Ribbed Top,mohito,top,butter,59 RON,45 RON,https://www.mohito.com/ro/ro/top-reiat-651he-10x,high,https://static.mohito.com/media/catalog/product/6/5/651HE-10X-002-1-1031990_13.jpg,2025-01-10
lightSpring,H&M Flared-Skirt Crêpe Dress,hm,dress,blush,137 RON,,https://www2.hm.com/ro_ro/productpage.1324556001.html,high,https://image.hm.com/assets/hm/cd/96/cd96f1cf2333135c4d4b987198e5b61b5053a4cf.jpg,2025-01-11
lightSpring,H&M Frill-Trimmed Halterneck Top,hm,top,coral,114 RON,,https://www2.hm.com/ro_ro/productpage.1346795001.html,high,https://image.hm.com/assets/hm/99/c5/99c504f23d4049dc803f13ef74d3da62905cde5b.jpg,2025-01-11
lightSpring,Mohito Strappy Top,mohito,top,ivory,69 RON,,https://www.mohito.com/ro/ro/top-cu-bretele-2-130is-01x,high,https://static.mohito.com/media/catalog/product/1/3/130IS-01X-003-2-1207919.jpg,2025-01-11
lightSpring,Mohito Strappy Top,mohito,top,skyblue,69 RON,,https://www.mohito.com/ro/ro/top-cu-bretele-130is-05x,high,https://static.mohito.com/media/catalog/product/1/3/130IS-05X-001-1-1207920.jpg,2025-01-11
lightSummer,Mohito Strappy Top,mohito,top,powderblue,69 RON,,https://www.mohito.com/ro/ro/top-cu-bretele-130is-05x,high,https://static.mohito.com/media/catalog/product/1/3/130IS-05X-001-1-1207920.jpg,2025-01-12
softAutumn,Mohito Short Sleeve Blouse,mohito,top,sage,99 RON,,https://www.mohito.com/ro/ro/bluza-cu-maneci-ornamentale-072kz-81x,high,https://static.mohito.com/media/catalog/product/0/7/072KZ-81X-040-1-1278011.jpg,2025-01-12
softSummer,Mohito Short Sleeve Blouse,mohito,top,sagegreen,99 RON,,https://www.mohito.com/ro/ro/bluza-cu-maneci-ornamentale-072kz-81x,high,https://static.mohito.com/media/catalog/product/0/7/072KZ-81X-040-1-1278011.jpg,2025-01-12
softAutumn,Mohito Short Sleeve Maxi Dress,mohito,dress,olivegreen,169 RON,,https://www.mohito.com/ro/ro/rochie-maxi-cu-maneca-scurta-2-792kk-81p,high,https://static.mohito.com/media/catalog/product/7/9/792KK-81P-041-2-1278016.jpg,2025-01-12
brightWinter,Mohito Sleeveless Shirt,mohito,top,black,69 RON,,https://www.mohito.com/ro/ro/camasa-fara-maneci-804kx-99x,high,https://static.mohito.com/media/catalog/product/8/0/804KX-99X-040-1-1278020.jpg,2025-01-13
deepWinter,Mohito Sleeveless Shirt,mohito,top,trueblack,69 RON,,https://www.mohito.com/ro/ro/camasa-fara-maneci-804kx-99x,high,https://static.mohito.com/media/catalog/product/8/0/804KX-99X-040-1-1278020.jpg,2025-01-13
brightWinter,Mohito Wide Leg Trousers,mohito,accessory,black,149 RON,,https://www.mohito.com/ro/ro/pantaloni-cu-croi-larg-513jv-99x,high,https://static.mohito.com/media/catalog/product/5/1/513JV-99X-040-1-1277996.jpg,2025-01-13
deepWinter,Mohito Wide Leg Trousers,mohito,accessory,trueblack,149 RON,,https://www.mohito.com/ro/ro/pantaloni-cu-croi-larg-513jv-99x,high,https://static.mohito.com/media/catalog/product/5/1/513JV-99X-040-1-1277996.jpg,2025-01-13
softSummer,Mohito Wide Leg Trousers,mohito,accessory,stone,149 RON,,https://www.mohito.com/ro/ro/pantaloni-cu-croi-larg-513jv-84x,high,https://static.mohito.com/media/catalog/product/5/1/513JV-84X-040-1-1278001.jpg,2025-01-14
softSummer,Mohito Short Sleeve Shirt,mohito,top,sagegreen,109 RON,,https://www.mohito.com/ro/ro/camasa-cu-maneci-scurte-392iy-87x,high,https://static.mohito.com/media/catalog/product/3/9/392IY-87X-040-1-1257892.jpg,2025-01-14
softSummer,Mohito Viscose Shorts,mohito,accessory,sagegreen,79 RON,,https://www.mohito.com/ro/ro/pantaloni-scurti-din-viscoza-747jl-87x,high,https://static.mohito.com/media/catalog/product/7/4/747JL-87X-040-1-1257883.jpg,2025-01-14
lightSpring,Mohito Maxi Dress with Tie Back,mohito,dress,butter,199 RON,,https://www.mohito.com/ro/ro/rochie-maxi-cu-legare-la-spate-2-660kk-10x,high,https://static.mohito.com/media/catalog/product/6/6/660KK-10X-040-2-1263294.jpg,2025-01-14
coolSummer,Mohito Viscose Maxi Dress,mohito,dress,slateblue,139 RON,99 RON,https://www.mohito.com/ro/ro/rochie-midi-din-viscoza-081hh-50x,high,https://static.mohito.com/media/catalog/product/0/8/081HH-50X-001-1-1028800_5.jpg,2025-01-15
softAutumn,Mohito Pleated Mini Dress,mohito,dress,chocolate,149 RON,,https://www.mohito.com/ro/ro/rochie-mini-cu-falduri-854jt-84x,high,https://static.mohito.com/media/catalog/product/8/5/854JT-84X-001-1-1211915.jpg,
deepAutumn,Mohito Pleated Mini Dress,mohito,dress,chocolate,149 RON,,https://www.mohito.com/ro/ro/rochie-mini-cu-falduri-854jt-84x,high,https://static.mohito.com/media/catalog/product/8/5/854JT-84X-001-1-1211915.jpg,
brightSpring,Mohito Short Sleeve Midi Dress,mohito,dress,clearwhite,199 RON,,https://www.mohito.com/ro/ro/rochie-midi-bufanta-608jw-00x,high,https://static.mohito.com/media/catalog/product/6/0/608JW-00X-002-1-1232844.jpg,
brightWinter,Mohito Short Sleeve Midi Dress,mohito,dress,purewhite,199 RON,,https://www.mohito.com/ro/ro/rochie-midi-bufanta-608jw-00x,high,https://static.mohito.com/media/catalog/product/6/0/608JW-00X-002-1-1232844.jpg,
brightWinter,Mohito Maxi Dress,mohito,dress,black,165 RON,,https://www.mohito.com/ro/ro/rochie-maxi-505gr-99x,high,https://static.mohito.com/media/catalog/product/5/0/505GR-99X-001-1-1243186.jpg,
deepWinter,Mohito Maxi Dress,mohito,dress,trueblack,165 RON,,https://www.mohito.com/ro/ro/rochie-maxi-505gr-99x,high,https://static.mohito.com/media/catalog/product/5/0/505GR-99X-001-1-1243186.jpg,
deepWinter,Mohito Halter Midi Dress,mohito,dress,deepraspberry,189 RON,,https://www.mohito.com/ro/ro/rochie-de-vara-765gp-44x,high,https://static.mohito.com/media/catalog/product/7/6/765GP-44X-001-1-1234571.jpg,
lightSummer,Blue Jersey Slouchy Shoulder Mini Dress,next,dress,powderblue,192 RON,,https://www.next.ro/en/style/su961513/g87179,high,https://xcdn.next.co.uk/common/items/default/default/itemimages/3_4Ratio/product/lge/G87179s.jpg,
softSummer,Blue Jersey Slouchy Shoulder Mini Dress,next,dress,duskyblue,192 RON,,https://www.next.ro/en/style/su961513/g87179,high,https://xcdn.next.co.uk/common/items/default/default/itemimages/3_4Ratio/product/lge/G87179s.jpg,
brightSpring,Friends Like These Blue Strappy Linen Blend Midi Dress,next,dress,tropicalblue,335 RON,,https://www.next.ro/en/style/su883297/g05058,high,https://xcdn.next.co.uk/common/items/default/default/itemimages/3_4Ratio/product/lge/G05058s.jpg,
warmAutumn,Blue V-Neck 2 in 1 Hanky Hem Midi Dress,next,dress,warmnavy,332 RON,,https://www.next.ro/en/style/sv007282/g87695,high,https://xcdn.next.co.uk/common/items/default/default/itemimages/3_4Ratio/product/lge/G87695s.jpg,
deepAutumn,Blue V-Neck 2 in 1 Hanky Hem Midi Dress,next,dress,warmnavy,332 RON,,https://www.next.ro/en/style/sv007282/g87695,high,https://xcdn.next.co.uk/common/items/default/default/itemimages/3_4Ratio/product/lge/G87695s.jpg,
warmAutumn,Navy Blue Jersey Waisted Summer Midi Dress,next,dress,warmnavy,243 RON,,https://www.next.ro/en/style/su789913/h68970,high,https://xcdn.next.co.uk/common/items/default/default/itemimages/3_4Ratio/product/lge/H68970s.jpg,
deepAutumn,Navy Blue Jersey Waisted Summer Midi Dress,next,dress,warmnavy,243 RON,,https://www.next.ro/en/style/su789913/h68970,high,https://xcdn.next.co.uk/common/items/default/default/itemimages/3_4Ratio/product/lge/H68970s.jpg,
coolSummer,Lipsy X Mandy Sade Blue Scarf Print Mini Dress,next,dress,slateblue,417 RON,,https://www.next.ro/en/style/su911133/y33046,high,https://xcdn.next.co.uk/common/items/default/default/itemimages/3_4Ratio/product/lge/Y33046s.jpg,
brightWinter,Lipsy X Mandy Sade Blue Scarf Print Mini Dress,next,dress,sapphireblue,417 RON,,https://www.next.ro/en/style/su911133/y33046,high,https://xcdn.next.co.uk/common/items/default/default/itemimages/3_4Ratio/product/lge/Y33046s.jpg,
lightSummer,BHOEM Blue Square Neck Embroidered Maxi Dress,next,dress,powderblue,514 RON,,https://www.next.ro/en/style/su974205/v34164,high,https://xcdn.next.co.uk/common/items/default/default/itemimages/3_4Ratio/product/lge/V34164s.jpg,
coolSummer,BHOEM Blue Square Neck Embroidered Maxi Dress,next,dress,powderblue,514 RON,,https://www.next.ro/en/style/su974205/v34164,high,https://xcdn.next.co.uk/common/items/default/default/itemimages/3_4Ratio/product/lge/V34164s.jpg,
brightWinter,BHOEM Blue Square Neck Embroidered Maxi Dress,next,dress,icyblue,514 RON,,https://www.next.ro/en/style/su974205/v34164,high,https://xcdn.next.co.uk/common/items/default/default/itemimages/3_4Ratio/product/lge/V34164s.jpg,
coolWinter,BHOEM Blue Square Neck Embroidered Maxi Dress,next,dress,iceblue,514 RON,,https://www.next.ro/en/style/su974205/v34164,high,https://xcdn.next.co.uk/common/items/default/default/itemimages/3_4Ratio/product/lge/V34164s.jpg,
lightSpring,Aqua Blue Jersey Mini Shirred Dress,next,dress,aqua,153 RON,,https://www.next.ro/en/style/su957952/g21503,high,https://xcdn.next.co.uk/common/items/default/default/itemimages/3_4Ratio/product/lge/G21503s.jpg,
warmSpring,Aqua Blue Jersey Mini Shirred Dress,next,dress,aqua,153 RON,,https://www.next.ro/en/style/su957952/g21503,high,https://xcdn.next.co.uk/common/items/default/default/itemimages/3_4Ratio/product/lge/G21503s.jpg,
lightSummer,Love & Roses x RHS Blue Stripe Floral Embroidered V-Neck Shirt Mini Dress,next,dress,skyblue,484 RON,,https://www.next.ro/en/style/su898166/y28302,high,https://xcdn.next.co.uk/common/items/default/default/itemimages/3_4Ratio/product/lge/Y28302s.jpg,
brightWinter,Love & Roses x RHS Blue Stripe Floral Embroidered V-Neck Shirt Mini Dress,next,dress,icyblue,484 RON,,https://www.next.ro/en/style/su898166/y28302,high,https://xcdn.next.co.uk/common/items/default/default/itemimages/3_4Ratio/product/lge/Y28302s.jpg,
lightSummer,Lipsy Mid Wash Blue Strappy Corset Detail Denim Mini Dress,next,dress,skyblue,335 RON,,https://www.next.ro/en/style/su900445/y29010,high,https://xcdn.next.co.uk/common/items/default/default/itemimages/3_4Ratio/product/lge/Y29010s.jpg,
coolSummer,Lipsy Mid Wash Blue Strappy Corset Detail Denim Mini Dress,next,dress,softdenim,335 RON,,https://www.next.ro/en/style/su900445/y29010,high,https://xcdn.next.co.uk/common/items/default/default/itemimages/3_4Ratio/product/lge/Y29010s.jpg,
deepWinter,Sosandar Blue Metallic Spot Print Wrap Dress,next,dress,midnightblue,559 RON,,https://www.next.ro/en/style/su685364/f93656,high,https://xcdn.next.co.uk/common/items/default/default/itemimages/3_4Ratio/product/lge/F93656s.jpg,
lightSpring,Friends Like These Blue Floral Detail Strappy Midi Dress,next,dress,turquoise,633 RON,,https://www.next.ro/en/style/su870661/y17044,high,https://xcdn.next.co.uk/common/items/default/default/itemimages/3_4Ratio/product/lge/Y17044s.jpg,
warmSpring,Friends Like These Blue Floral Detail Strappy Midi Dress,next,dress,turquoise,633 RON,,https://www.next.ro/en/style/su870661/y17044,high,https://xcdn.next.co.uk/common/items/default/default/itemimages/3_4Ratio/product/lge/Y17044s.jpg,
coolWinter,Lipsy Blue Short Sleeve 100% Cotton Midi Shirt Dress,next,dress,royalblue,439 RON,,https://www.next.ro/en/style/su901594/y20680,high,https://xcdn.next.co.uk/common/items/default/default/itemimages/3_4Ratio/product/lge/Y20680s.jpg,
lightSpring,River Island Blue Scallop Hem Maxi Linen Blend Dress,next,dress,skyblue,439 RON,,https://www.next.ro/en/style/sv155150/690816,high,https://xcdn.next.co.uk/common/items/default/default/itemimages/3_4Ratio/product/lge/690816s.jpg,
deepAutumn,Sosandar Blue Spot Print Bardot Figure Flattering Midi Dress,next,dress,warmnavy,633 RON,,https://www.next.ro/en/style/sv139260/w01871,high,https://xcdn.next.co.uk/common/items/default/default/itemimages/3_4Ratio/product/lge/W01871s.jpg,
deepWinter,Sosandar Blue Spot Print Bardot Figure Flattering Midi Dress,next,dress,navyblue,633 RON,,https://www.next.ro/en/style/sv139260/w01871,high,https://xcdn.next.co.uk/common/items/default/default/itemimages/3_4Ratio/product/lge/W01871s.jpg,
softSummer,Love & Roses Mid Blue Embroidered Tie Mini Dress,next,dress,slateblue,432 RON,,https://www.next.ro/en/style/sv017961/y36755,high,https://xcdn.next.co.uk/common/items/default/default/itemimages/3_4Ratio/product/lge/Y36755s.jpg,
softAutumn,Love & Roses Mid Blue Embroidered Tie Mini Dress,next,dress,slateblue,432 RON,,https://www.next.ro/en/style/sv017961/y36755,high,https://xcdn.next.co.uk/common/items/default/default/itemimages/3_4Ratio/product/lge/Y36755s.jpg,
coolWinter,Love & Roses Cobalt Blue Floral Embroidered Puff Sleeve Midi Dress,next,dress,cobalt,506 RON,,https://www.next.ro/en/style/su962116/g63017,high,https://xcdn.next.co.uk/common/items/default/default/itemimages/3_4Ratio/product/lge/G63017s.jpg,
deepWinter,Love & Roses Cobalt Blue Floral Embroidered Puff Sleeve Midi Dress,next,dress,deepcobalt,506 RON,,https://www.next.ro/en/style/su962116/g63017,high,https://xcdn.next.co.uk/common/items/default/default/itemimages/3_4Ratio/product/lge/G63017s.jpg,
softSummer,Friends Like These Mid Wash Shirred Chambray Denim Cami Mini Dress,next,dress,softdenim,290 RON,,https://www.next.ro/en/style/su962026/w14320,high,https://xcdn.next.co.uk/common/items/default/default/itemimages/3_4Ratio/product/lge/W14320s.jpg,
softAutumn,Friends Like These Mid Wash Shirred Chambray Denim Cami Mini Dress,next,dress,warmdenim,290 RON,,https://www.next.ro/en/style/su962026/w14320,high,https://xcdn.next.co.uk/common/items/default/default/itemimages/3_4Ratio/product/lge/W14320s.jpg,
lightSummer,Friends Like These Blue Button Down Tie Waist Collared Shirt Midi Dress,next,dress,periwinkle,313 RON,,https://www.next.ro/en/style/su883295/g05057,high,https://xcdn.next.co.uk/common/items/default/default/itemimages/3_4Ratio/product/lge/G05057s.jpg,
softSummer,Friends Like These Blue Button Down Tie Waist Collared Shirt Midi Dress,next,dress,softperiwinkle,313 RON,,https://www.next.ro/en/style/su883295/g05057,high,https://xcdn.next.co.uk/common/items/default/default/itemimages/3_4Ratio/product/lge/G05057s.jpg,
lightSpring,River Island Blue Short Sleeve Mirror Embroidered Maxi Dress,next,dress,mint,484 RON,,https://www.next.ro/en/style/sv220475/572077,high,https://xcdn.next.co.uk/common/items/default/default/itemimages/3_4Ratio/product/lge/572077s.jpg,
lightSummer,Lemon Yellow Off The Shoulder Midi Dress,next,dress,palelemon,217 RON,,https://www.next.ro/en/style/su769454/y19830,high,https://xcdn.next.co.uk/common/items/default/default/itemimages/3_4Ratio/product/lge/Y19830s.jpg,
coolWinter,Lemon Yellow Off The Shoulder Midi Dress,next,dress,lemonyellow,217 RON,,https://www.next.ro/en/style/su769454/y19830,high,https://xcdn.next.co.uk/common/items/default/default/itemimages/3_4Ratio/product/lge/Y19830s.jpg,
lightSpring,Light Green Maxi Square Neck Shirred Strappy Dress,next,dress,mint,166 RON,,https://www.next.ro/en/style/su843231/h96678,high,https://xcdn.next.co.uk/common/items/default/default/itemimages/3_4Ratio/product/lge/H96678s.jpg,
brightWinter,White/Black Polka Dot Drop Waist Strappy Jersey Dress,next,dress,purewhite,204 RON,,https://www.next.ro/en/style/su769500/h56728,high,https://xcdn.next.co.uk/common/items/default/default/itemimages/3_4Ratio/product/lge/H56728s.jpg,
warmSpring,Ecru Tomato Print Square Neck Mini Shift Dress,next,dress,warmivory,230 RON,,https://www.next.ro/en/style/sv072027/v18721,high,https://xcdn.next.co.uk/common/items/default/default/itemimages/3_4Ratio/product/lge/V18721s.jpg,
warmAutumn,Rose Pink Flutter Sleeve Square Neck Dress,next,dress,dustyrose,332 RON,,https://www.next.ro/en/style/su903518/v26278,high,https://xcdn.next.co.uk/common/items/default/default/itemimages/3_4Ratio/product/lge/V26278s.jpg,
brightSpring,Red Button Down Midi Dress,next,dress,tomato,249 RON,,https://www.next.ro/en/style/sv040839/w11784,high,https://xcdn.next.co.uk/common/items/default/default/itemimages/3_4Ratio/product/lge/W11784s.jpg,
brightSpring,Red Tie Waist Mini Dress,next,dress,brighttomato,224 RON,,https://www.next.ro/en/style/su760103/g64667,high,https://xcdn.next.co.uk/common/items/default/default/itemimages/3_4Ratio/product/lge/G64667s.jpg,
deepAutumn,Khaki Green Jersey Slouchy Shoulder Mini Dress,next,dress,darkolive,192 RON,,https://www.next.ro/en/style/su961513/g62566,high,https://xcdn.next.co.uk/common/items/default/default/itemimages/3_4Ratio/product/lge/G62566s.jpg,
deepAutumn,Chocolate Brown Shirred Strappy Jersey Midi Dress,next,dress,chocolate,179 RON,,https://www.next.ro/en/style/su903546/y30140,high,https://xcdn.next.co.uk/common/items/default/default/itemimages/3_4Ratio/product/lge/Y30140s.jpg,
softAutumn,Khaki Green Shirred Strappy Jersey Midi Dress,next,dress,khaki,179 RON,,https://www.next.ro/en/style/su903546/y52615,high,https://xcdn.next.co.uk/common/items/default/default/itemimages/3_4Ratio/product/lge/Y52615s.jpg,
